<?xml version="1.0" encoding="UTF-8"?><module codename="org.netbeans.bootstrap/1">
    <module_version install_time="1500851498367" last="true" origin="installer" specification_version="2.74.1">
        <file crc="889563844" name="lib/boot.jar"/>
        <file crc="3693724922" name="lib/nbexec"/>
        <file crc="1797306698" name="lib/nbexec.dll"/>
        <file crc="3341560596" name="lib/nbexec.exe"/>
        <file crc="4214240520" name="lib/nbexec64.dll"/>
        <file crc="3274571841" name="lib/nbexec64.exe"/>
    </module_version>
</module>
