<?xml version="1.0" encoding="UTF-8"?><module codename="org.openide.compat">
    <module_version install_time="1445549778480" last="true" origin="installer" specification_version="6.37.1">
        <file crc="1028000658" name="config/Modules/org-openide-compat.xml"/>
        <file crc="3124106610" name="modules/locale/org-openide-compat_ja.jar"/>
        <file crc="332720186" name="modules/locale/org-openide-compat_pt_BR.jar"/>
        <file crc="3914352523" name="modules/locale/org-openide-compat_ru.jar"/>
        <file crc="2088954428" name="modules/locale/org-openide-compat_zh_CN.jar"/>
        <file crc="2874460648" name="modules/org-openide-compat.jar"/>
    </module_version>
</module>
