<?xml version="1.0" encoding="UTF-8"?><module codename="org.netbeans.modules.netbinox">
    <module_version install_time="1445549455399" last="true" origin="installer" specification_version="1.39.1">
        <file crc="3482404302" name="config/Modules/org-netbeans-modules-netbinox.xml"/>
        <file crc="1006536280" name="modules/ext/org.eclipse.osgi_3.9.1.v20140110-1610.jar"/>
        <file crc="539256180" name="modules/locale/org-netbeans-modules-netbinox_ja.jar"/>
        <file crc="299847471" name="modules/locale/org-netbeans-modules-netbinox_pt_BR.jar"/>
        <file crc="2425004228" name="modules/locale/org-netbeans-modules-netbinox_ru.jar"/>
        <file crc="2620720274" name="modules/locale/org-netbeans-modules-netbinox_zh_CN.jar"/>
        <file crc="365454006" name="modules/org-netbeans-modules-netbinox.jar"/>
    </module_version>
</module>
