<?xml version="1.0" encoding="UTF-8"?><module codename="org.openide.execution">
    <module_version install_time="1445548918493" last="true" origin="installer" specification_version="9.2.1">
        <file crc="706546870" name="config/ModuleAutoDeps/org-openide-execution.xml"/>
        <file crc="1899864534" name="config/Modules/org-openide-execution.xml"/>
        <file crc="1684908663" name="modules/locale/org-openide-execution_ja.jar"/>
        <file crc="1819383585" name="modules/locale/org-openide-execution_pt_BR.jar"/>
        <file crc="2644720014" name="modules/locale/org-openide-execution_ru.jar"/>
        <file crc="3845267865" name="modules/locale/org-openide-execution_zh_CN.jar"/>
        <file crc="4142629211" name="modules/org-openide-execution.jar"/>
    </module_version>
</module>
