<?xml version="1.0" encoding="UTF-8"?><module codename="org.netbeans.core.execution/1">
    <module_version install_time="1445549732560" last="true" origin="installer" specification_version="1.40.1">
        <file crc="131205059" name="config/Modules/org-netbeans-core-execution.xml"/>
        <file crc="1238243621" name="modules/locale/org-netbeans-core-execution_ja.jar"/>
        <file crc="1668733215" name="modules/locale/org-netbeans-core-execution_pt_BR.jar"/>
        <file crc="3721793097" name="modules/locale/org-netbeans-core-execution_ru.jar"/>
        <file crc="902433453" name="modules/locale/org-netbeans-core-execution_zh_CN.jar"/>
        <file crc="3032941827" name="modules/org-netbeans-core-execution.jar"/>
    </module_version>
</module>
