<?xml version="1.0" encoding="UTF-8"?><module codename="org.netbeans.core.multiview/1">
    <module_version install_time="1445549494754" last="true" origin="installer" specification_version="1.43.1">
        <file crc="3216778929" name="config/Modules/org-netbeans-core-multiview.xml"/>
        <file crc="489776893" name="modules/locale/org-netbeans-core-multiview_ja.jar"/>
        <file crc="3371896801" name="modules/locale/org-netbeans-core-multiview_pt_BR.jar"/>
        <file crc="4217778853" name="modules/locale/org-netbeans-core-multiview_ru.jar"/>
        <file crc="3963989962" name="modules/locale/org-netbeans-core-multiview_zh_CN.jar"/>
        <file crc="2592387376" name="modules/org-netbeans-core-multiview.jar"/>
    </module_version>
</module>
