<?xml version="1.0" encoding="UTF-8"?><module codename="org.netbeans.api.intent">
    <module_version install_time="1445548843552" last="true" origin="installer" specification_version="1.1.1">
        <file crc="406711867" name="config/Modules/org-netbeans-api-intent.xml"/>
        <file crc="409078298" name="modules/locale/org-netbeans-api-intent_ja.jar"/>
        <file crc="3112554968" name="modules/locale/org-netbeans-api-intent_pt_BR.jar"/>
        <file crc="387494325" name="modules/locale/org-netbeans-api-intent_ru.jar"/>
        <file crc="2594886476" name="modules/locale/org-netbeans-api-intent_zh_CN.jar"/>
        <file crc="2457192678" name="modules/org-netbeans-api-intent.jar"/>
    </module_version>
</module>
