<?xml version="1.0" encoding="UTF-8"?><module codename="org.netbeans.api.visual">
    <module_version install_time="1445549460267" last="true" origin="installer" specification_version="2.46.1">
        <file crc="1235850484" name="config/Modules/org-netbeans-api-visual.xml"/>
        <file crc="811588880" name="modules/locale/org-netbeans-api-visual_ja.jar"/>
        <file crc="245005303" name="modules/locale/org-netbeans-api-visual_pt_BR.jar"/>
        <file crc="215463758" name="modules/locale/org-netbeans-api-visual_ru.jar"/>
        <file crc="3977157479" name="modules/locale/org-netbeans-api-visual_zh_CN.jar"/>
        <file crc="369519079" name="modules/org-netbeans-api-visual.jar"/>
    </module_version>
</module>
