<?xml version="1.0" encoding="UTF-8"?><module codename="org.netbeans.modules.keyring.impl">
    <module_version install_time="1445549334616" last="true" origin="installer" specification_version="1.23.1">
        <file crc="729697579" name="config/Modules/org-netbeans-modules-keyring-impl.xml"/>
        <file crc="808110184" name="modules/locale/org-netbeans-modules-keyring-impl_ja.jar"/>
        <file crc="2798006401" name="modules/locale/org-netbeans-modules-keyring-impl_pt_BR.jar"/>
        <file crc="2826182797" name="modules/locale/org-netbeans-modules-keyring-impl_ru.jar"/>
        <file crc="3173820671" name="modules/locale/org-netbeans-modules-keyring-impl_zh_CN.jar"/>
        <file crc="3103740095" name="modules/org-netbeans-modules-keyring-impl.jar"/>
    </module_version>
</module>
