<?xml version="1.0" encoding="UTF-8"?><module codename="org.netbeans.libs.jsr223/1">
    <module_version install_time="1445547985092" last="true" origin="installer" specification_version="1.34.1">
        <file crc="1051087422" name="config/Modules/org-netbeans-libs-jsr223.xml"/>
        <file crc="347682933" name="modules/locale/org-netbeans-libs-jsr223_ja.jar"/>
        <file crc="322349618" name="modules/locale/org-netbeans-libs-jsr223_pt_BR.jar"/>
        <file crc="3216492751" name="modules/locale/org-netbeans-libs-jsr223_ru.jar"/>
        <file crc="361733265" name="modules/locale/org-netbeans-libs-jsr223_zh_CN.jar"/>
        <file crc="3948079671" name="modules/org-netbeans-libs-jsr223.jar"/>
    </module_version>
</module>
