<?xml version="1.0" encoding="UTF-8"?><module codename="org.netbeans.modules.masterfs/2">
    <module_version install_time="1445548969998" last="true" origin="installer" specification_version="2.54.1.2">
        <file crc="4226367763" name="config/ModuleAutoDeps/org-netbeans-modules-masterfs.xml"/>
        <file crc="1644917168" name="config/Modules/org-netbeans-modules-masterfs.xml"/>
        <file crc="1810898443" name="modules/locale/org-netbeans-modules-masterfs_ja.jar"/>
        <file crc="2742051583" name="modules/locale/org-netbeans-modules-masterfs_pt_BR.jar"/>
        <file crc="4013987752" name="modules/locale/org-netbeans-modules-masterfs_ru.jar"/>
        <file crc="1382152015" name="modules/locale/org-netbeans-modules-masterfs_zh_CN.jar"/>
        <file crc="469566444" name="modules/org-netbeans-modules-masterfs.jar"/>
    </module_version>
</module>
