<?xml version="1.0" encoding="UTF-8"?><module codename="org.openide.modules">
    <module_version install_time="1445548936025" last="true" origin="installer" specification_version="7.47.1">
        <file crc="1391508081" name="config/ModuleAutoDeps/org-openide-modules.xml"/>
        <file crc="2952624415" name="lib/locale/org-openide-modules_ja.jar"/>
        <file crc="3048198954" name="lib/locale/org-openide-modules_pt_BR.jar"/>
        <file crc="342393099" name="lib/locale/org-openide-modules_ru.jar"/>
        <file crc="1414898305" name="lib/locale/org-openide-modules_zh_CN.jar"/>
        <file crc="1763670241" name="lib/org-openide-modules.jar"/>
    </module_version>
</module>
