<?xml version="1.0" encoding="UTF-8"?><module codename="org.netbeans.modules.autoupdate.ui">
    <module_version install_time="1445549993884" last="true" origin="installer" specification_version="1.44.1">
        <file crc="123778612" name="config/Modules/org-netbeans-modules-autoupdate-ui.xml"/>
        <file crc="2604875259" name="modules/locale/org-netbeans-modules-autoupdate-ui_ja.jar"/>
        <file crc="2779707526" name="modules/locale/org-netbeans-modules-autoupdate-ui_pt_BR.jar"/>
        <file crc="1795873377" name="modules/locale/org-netbeans-modules-autoupdate-ui_ru.jar"/>
        <file crc="1717316632" name="modules/locale/org-netbeans-modules-autoupdate-ui_zh_CN.jar"/>
        <file crc="4127291529" name="modules/org-netbeans-modules-autoupdate-ui.jar"/>
    </module_version>
</module>
