<?xml version="1.0" encoding="UTF-8"?><module codename="org.netbeans.api.annotations.common/1">
    <module_version install_time="1445547841980" last="true" origin="installer" specification_version="1.26.1">
        <file crc="1285559856" name="config/Modules/org-netbeans-api-annotations-common.xml"/>
        <file crc="1142363216" name="modules/locale/org-netbeans-api-annotations-common_ja.jar"/>
        <file crc="1356198655" name="modules/locale/org-netbeans-api-annotations-common_pt_BR.jar"/>
        <file crc="3339218492" name="modules/locale/org-netbeans-api-annotations-common_ru.jar"/>
        <file crc="1330336966" name="modules/locale/org-netbeans-api-annotations-common_zh_CN.jar"/>
        <file crc="2650333272" name="modules/org-netbeans-api-annotations-common.jar"/>
    </module_version>
</module>
