<?xml version="1.0" encoding="UTF-8"?><module codename="org.netbeans.libs.osgi">
    <module_version install_time="1445548027192" last="true" origin="installer" specification_version="1.20.1">
        <file crc="3882420389" name="config/Modules/org-netbeans-libs-osgi.xml"/>
        <file crc="3805933642" name="modules/ext/osgi.cmpn-4.2.jar"/>
        <file crc="936485481" name="modules/ext/osgi.core-5.0.0.jar"/>
        <file crc="380667911" name="modules/locale/org-netbeans-libs-osgi_ja.jar"/>
        <file crc="3755721763" name="modules/locale/org-netbeans-libs-osgi_pt_BR.jar"/>
        <file crc="3804763988" name="modules/locale/org-netbeans-libs-osgi_ru.jar"/>
        <file crc="293792937" name="modules/locale/org-netbeans-libs-osgi_zh_CN.jar"/>
        <file crc="4116981734" name="modules/org-netbeans-libs-osgi.jar"/>
    </module_version>
</module>
