<?xml version="1.0" encoding="UTF-8"?><module codename="org.netbeans.bootstrap/1">
    <module_version install_time="1445549366356" last="true" origin="installer" specification_version="2.74.1">
        <file crc="8043073" name="lib/boot.jar"/>
        <file crc="3336673268" name="lib/locale/boot_ja.jar"/>
        <file crc="1082895534" name="lib/locale/boot_pt_BR.jar"/>
        <file crc="2273599158" name="lib/locale/boot_ru.jar"/>
        <file crc="946964853" name="lib/locale/boot_zh_CN.jar"/>
        <file crc="3693724922" name="lib/nbexec"/>
        <file crc="2202818909" name="lib/nbexec.dll"/>
        <file crc="1427390045" name="lib/nbexec.exe"/>
        <file crc="314423141" name="lib/nbexec64.dll"/>
        <file crc="582225350" name="lib/nbexec64.exe"/>
    </module_version>
</module>
