<?xml version="1.0" encoding="UTF-8"?><module codename="org.netbeans.modules.sendopts/2">
    <module_version install_time="1445549371449" last="true" origin="installer" specification_version="2.34.1">
        <file crc="3090052921" name="config/Modules/org-netbeans-modules-sendopts.xml"/>
        <file crc="2752734475" name="modules/locale/org-netbeans-modules-sendopts_ja.jar"/>
        <file crc="1648668556" name="modules/locale/org-netbeans-modules-sendopts_pt_BR.jar"/>
        <file crc="1166882380" name="modules/locale/org-netbeans-modules-sendopts_ru.jar"/>
        <file crc="1457147032" name="modules/locale/org-netbeans-modules-sendopts_zh_CN.jar"/>
        <file crc="2200335917" name="modules/org-netbeans-modules-sendopts.jar"/>
    </module_version>
</module>
