<?xml version="1.0" encoding="UTF-8"?><module codename="org.netbeans.libs.felix">
    <module_version install_time="1445548033091" last="true" origin="installer" specification_version="2.14.1">
        <file crc="1327048437" name="config/Modules/org-netbeans-libs-felix.xml"/>
        <file crc="3782343730" name="modules/ext/felix-4.2.1.jar"/>
        <file crc="712240761" name="modules/locale/org-netbeans-libs-felix_ja.jar"/>
        <file crc="1596598220" name="modules/locale/org-netbeans-libs-felix_pt_BR.jar"/>
        <file crc="1474690466" name="modules/locale/org-netbeans-libs-felix_ru.jar"/>
        <file crc="1456913864" name="modules/locale/org-netbeans-libs-felix_zh_CN.jar"/>
        <file crc="4106374978" name="modules/org-netbeans-libs-felix.jar"/>
    </module_version>
</module>
