<?xml version="1.0" encoding="UTF-8"?><module codename="org.openide.util.enumerations">
    <module_version install_time="1445548764284" last="true" origin="installer" specification_version="6.32.1">
        <file crc="4290833959" name="config/Modules/org-openide-util-enumerations.xml"/>
        <file crc="320411050" name="modules/locale/org-openide-util-enumerations_ja.jar"/>
        <file crc="2368891030" name="modules/locale/org-openide-util-enumerations_pt_BR.jar"/>
        <file crc="2505741796" name="modules/locale/org-openide-util-enumerations_ru.jar"/>
        <file crc="645483329" name="modules/locale/org-openide-util-enumerations_zh_CN.jar"/>
        <file crc="1779911867" name="modules/org-openide-util-enumerations.jar"/>
    </module_version>
</module>
