<?xml version="1.0" encoding="UTF-8"?><module codename="org.netbeans.modules.autoupdate.cli">
    <module_version install_time="1445549447274" last="true" origin="installer" specification_version="1.12.1">
        <file crc="1140292232" name="config/Modules/org-netbeans-modules-autoupdate-cli.xml"/>
        <file crc="1997161877" name="modules/locale/org-netbeans-modules-autoupdate-cli_ja.jar"/>
        <file crc="2755926425" name="modules/locale/org-netbeans-modules-autoupdate-cli_pt_BR.jar"/>
        <file crc="646114850" name="modules/locale/org-netbeans-modules-autoupdate-cli_ru.jar"/>
        <file crc="1797052" name="modules/locale/org-netbeans-modules-autoupdate-cli_zh_CN.jar"/>
        <file crc="296951802" name="modules/org-netbeans-modules-autoupdate-cli.jar"/>
    </module_version>
</module>
