<?xml version="1.0" encoding="UTF-8"?><module codename="org.openide.nodes">
    <module_version install_time="1445549338072" last="true" origin="installer" specification_version="7.42.1">
        <file crc="11361373" name="config/ModuleAutoDeps/org-openide-nodes.xml"/>
        <file crc="3092369940" name="config/Modules/org-openide-nodes.xml"/>
        <file crc="3458520591" name="modules/locale/org-openide-nodes_ja.jar"/>
        <file crc="2861807213" name="modules/locale/org-openide-nodes_pt_BR.jar"/>
        <file crc="738173417" name="modules/locale/org-openide-nodes_ru.jar"/>
        <file crc="1781162812" name="modules/locale/org-openide-nodes_zh_CN.jar"/>
        <file crc="242948554" name="modules/org-openide-nodes.jar"/>
    </module_version>
</module>
