<?xml version="1.0" encoding="UTF-8"?><module codename="org.netbeans.core.netigso">
    <module_version install_time="1445549450896" last="true" origin="installer" specification_version="1.30.1">
        <file crc="3723901005" name="config/Modules/org-netbeans-core-netigso.xml"/>
        <file crc="585627021" name="modules/locale/org-netbeans-core-netigso_ja.jar"/>
        <file crc="65663255" name="modules/locale/org-netbeans-core-netigso_pt_BR.jar"/>
        <file crc="2840554488" name="modules/locale/org-netbeans-core-netigso_ru.jar"/>
        <file crc="1591646912" name="modules/locale/org-netbeans-core-netigso_zh_CN.jar"/>
        <file crc="4193830355" name="modules/org-netbeans-core-netigso.jar"/>
    </module_version>
</module>
