<?xml version="1.0" encoding="UTF-8"?><module codename="org.openide.options">
    <module_version install_time="1445549483996" last="true" origin="installer" specification_version="6.36.1">
        <file crc="2763036759" name="config/Modules/org-openide-options.xml"/>
        <file crc="2805718076" name="modules/locale/org-openide-options_ja.jar"/>
        <file crc="4107784247" name="modules/locale/org-openide-options_pt_BR.jar"/>
        <file crc="2548649316" name="modules/locale/org-openide-options_ru.jar"/>
        <file crc="188729108" name="modules/locale/org-openide-options_zh_CN.jar"/>
        <file crc="2437330134" name="modules/org-openide-options.jar"/>
    </module_version>
</module>
